MRd,MEd,MEqp,b,h,fi,fck,d,cnom,ro1,ro2,Wk,Mcr,Cost,predicted_MRd,error,abs_error
1539.350207998465,1977.8263043919899,709.9194077750135,585.2742593658467,638.2238639050895,14,30,580.100867582487,51.122996322602454,0.027709259115724683,0.006212146108165159,0.0905386268515073,178.60408489026142,662.8885168286574,1589.8473,-50.497082040597434,50.497082040597434
1443.7725542054181,1395.1464474632608,1235.8495249340015,542.4428895595902,526.7906560372592,32,50,451.8622589959788,58.928397041280405,0.033889163372942836,4.188154077404745e-05,0.605369095298583,149.52857178235672,562.4267469640927,1500.5503,-56.777738763331854,56.777738763331854
